{
    "Plugins": [
        {
            "Info": {
                "Types": {
                    "ArResolver": {},
                    "ArDefaultResolver": {
                        "bases": [
                            "ArResolver"
                        ],
                        "implementsContexts": true
                    },
                    "ArPackageResolver": {}
                }
            },
            "LibraryPath": "", 
            "Name": "ar", 
            "ResourcePath": "resources", 
            "Root": "..", 
            "Type": "library"
        }
    ]
}
