<camera width="960" height="640" />
<shader name="style2"><translucent_bsdf name="style2" color="0.99609375, 0.49609375, 0" /><connect from="style2 bsdf" to="output surface" /></shader>
<state interpolation="smooth" shader="style2"><include src="./11266390092.xml" /></state>
<shader name="style3"><glossy_bsdf name="style3" roughness="0.5" color="0, 0.86328125, 0" /><connect from="style3 bsdf" to="output surface" /></shader>
<state interpolation="smooth" shader="style3"><include src="./11266390093.xml" /></state>
<shader name="style4"><emission name="style4" strength="1000" color="0.99609375, 0.99609375, 0.99609375" /><connect from="style4 emission" to="output surface" /></shader>
<state interpolation="smooth" shader="style4"><include src="./11266390094.xml" /></state>
<shader name="style5"><diffuse_bsdf name="style5" roughness="0.5" color="0, 0, 0.99609375" /><connect from="style5 bsdf" to="output surface" /></shader>
<state interpolation="smooth" shader="style5"><include src="./11266390095.xml" /></state>
<shader name="style6"><diffuse_bsdf name="style6" roughness="0.8" color="0.99609375, 0, 0.99609375" /><connect from="style6 bsdf" to="output surface" /></shader>
<state interpolation="smooth" shader="style6"><include src="./11266390096.xml" /></state>
<transform rotate="0 1 0 0"><transform translate="1.7964563973289644 9.192318610748925 61.88255221421568">
<transform rotate="-11.968516985069197 0 0 1"><transform rotate="171.2270396233095 1 0 0">
<camera type="perspective" fov="27.501974166279513"/>
</transform></transform></transform></transform>
