{
    "Plugins": [
        {
            "Info": {
                "Types": {
                    "UsdSkelImagingSkeletonAdapter": {
                        "bases": [
                            "UsdImagingPrimAdapter"
                        ],
                        "isInternal": true,
                        "primTypeName": "Skeleton"
                    },
                    "UsdSkelImagingSkelRootAdapter": {
                        "bases": [
                            "UsdImagingPrimAdapter"
                        ],
                        "isInternal": true,
                        "primTypeName": "SkelRoot"
                    }
                }
            },
            "LibraryPath": "",
            "Name": "usdSkelImaging",
            "ResourcePath": "resources",
            "Root": "..",
            "Type": "library"
        }
    ]
}
