{
    "Plugins": [
        {
            "Info": {
                "Types": {
                    "Hio_StbImage" : {
                        "bases": ["HioImage"],
                        "imageTypes": ["bmp", "jpg", "jpeg", "png", "tga", "hdr"],
                        "precedence": 2
                    }
                }
            },
            "LibraryPath": "",
            "Name": "hio",
            "ResourcePath": "resources",
            "Root": "..",
            "Type": "library"
        }
    ]
}
